<NS1:Document xmlns:NS1="urn:iso:std:iso:20022:tech:xsd:pacs.002.001.06">
	<NS1:FIToFIPmtStsRpt>
		<NS1:GrpHdr>
			<NS1:MsgId>OMAB1MV2Z0001</NS1:MsgId>
			<NS1:CreDtTm>2017-01-23T12:54:40.770913</NS1:CreDtTm>
			<NS1:InstgAgt>
				<NS1:FinInstnId>
					<NS1:BICFI>OABSAS55</NS1:BICFI>
				</NS1:FinInstnId>
			</NS1:InstgAgt>
		</NS1:GrpHdr>
		<NS1:OrgnlGrpInfAndSts>
			<NS1:OrgnlMsgId>OMAB1MV2Z0001</NS1:OrgnlMsgId>
			<NS1:OrgnlMsgNmId>pacs.008.001.05</NS1:OrgnlMsgNmId>
			<NS1:GrpSts>PART</NS1:GrpSts>
		</NS1:OrgnlGrpInfAndSts>
		<NS1:TxInfAndSts>
			<NS1:TxSts>ACTC</NS1:TxSts>
			<NS1:OrgnlEndToEndId>OAB1704333DC44</NS1:OrgnlEndToEndId>
			<NS1:OrgnlTxId>OMAB1MV2Z0001001</NS1:OrgnlTxId>
			<NS1:InstdAgt>
				<NS1:FinInstnId>
					<NS1:BICFI>IZZBOMRU</NS1:BICFI>
				</NS1:FinInstnId>
			</NS1:InstdAgt>
		</NS1:TxInfAndSts>
		<NS1:TxInfAndSts>
			<NS1:TxSts>RJCT</NS1:TxSts>
			<NS1:OrgnlEndToEndId>OAB1704333DC45</NS1:OrgnlEndToEndId>
			<NS1:OrgnlTxId>OMAB1MV2Z0001002</NS1:OrgnlTxId>
			<NS1:InstdAgt>
				<NS1:FinInstnId>
					<NS1:BICFI>IZZBOMRU</NS1:BICFI>
				</NS1:FinInstnId>
			</NS1:InstdAgt>
		</NS1:TxInfAndSts>
		<NS1:TxInfAndSts>
			<NS1:TxSts>ACSP</NS1:TxSts>
			<NS1:OrgnlEndToEndId>OAB1704333DC46</NS1:OrgnlEndToEndId>
			<NS1:OrgnlTxId>OMAB1MV2Z0001003</NS1:OrgnlTxId>
			<NS1:InstdAgt>
				<NS1:FinInstnId>
					<NS1:BICFI>IZZBOMRU</NS1:BICFI>
				</NS1:FinInstnId>
			</NS1:InstdAgt>
		</NS1:TxInfAndSts>
		<NS1:SplmtryData>
			<NS1:PlcAndNm>ACHSupplementaryData</NS1:PlcAndNm>
		</NS1:SplmtryData>
	</NS1:FIToFIPmtStsRpt>
</NS1:Document>