<NS1:Reply xmlns:NS1="www.oab.com/dco_request" cbs="www.oab.com/dco_request">
 <NS1:Header>
  <NS1:channel>TST</NS1:channel>
  <NS1:user>H577</NS1:user>
  <NS1:workstation>DITS</NS1:workstation>
  <NS1:transactionDate>2017-08-08</NS1:transactionDate>
  <NS1:transactionTime>15:30:08</NS1:transactionTime>
  <NS1:transactionReference>1501708081530086757</NS1:transactionReference>
  <NS1:channelReserved>my data</NS1:channelReserved>
  <NS1:replyDate>2017-08-08</NS1:replyDate>
  <NS1:replyTime>15:30:10.841732+05:30</NS1:replyTime>
  <NS1:replyStatus>FIN</NS1:replyStatus>
 </NS1:Header>
 <NS1:Data>
  <NS1:FinancialTransaction>
   <NS1:reference>170808153010841</NS1:reference>
  </NS1:FinancialTransaction>
 </NS1:Data>
</NS1:Reply>