<AchDirectCredit OptionalIdentifier="PassThru">
               <Channel>OAB</Channel>                  
               <BatchReference>170238659DC</BatchReference>
               <OrderingCustomerAccount>3101196774500</OrderingCustomerAccount> 
			   <OrderingCustomerName>PREM</OrderingCustomerName>			   
               <OrderingCustomerId>OABIDNT1010113</OrderingCustomerId>
               <OrderingCustomerIdType>CURRENT</OrderingCustomerIdType>
               <PurposeOfTransfer>PAY</PurposeOfTransfer>
			     <Priority>1</Priority>
				<Currency>OMR</Currency>
				<Transaction>
                               <TransactionReference>792</TransactionReference>
                               <UserReference>16</UserReference>
							   <Amount>10</Amount>
                               <BeneficiaryBank>IZZBOMRU</BeneficiaryBank>
                               <BeneficiaryAccount>31101001511</BeneficiaryAccount>
                               <BeneficiaryName>POWER</BeneficiaryName>
                               <BeneficiaryId>121001242</BeneficiaryId>
                               <BeneficiaryIdType>SAVINGS</BeneficiaryIdType>
                               <PurposeOfTransfer>PAY</PurposeOfTransfer>
                               <DetailsOfPayments>others</DetailsOfPayments>
               </Transaction>
 </AchDirectCredit>