<AchDirectCredit>  
               <Channel>OAB</Channel>                                           
               <BatchReference>1704303603</BatchReference>
               <OrderingCustomerAccount>31111967744501</OrderingCustomerAccount> 
			   <OrderingCustomerName>BABI</OrderingCustomerName>			   
               <OrderingCustomerId>OABIDNT1011115</OrderingCustomerId>
               <OrderingCustomerIdType>CURRENT</OrderingCustomerIdType>
               <PurposeOfTransfer>PAY</PurposeOfTransfer>
               <Priority>1</Priority> 
				<Currency>OMR</Currency>
				<Transaction>
                               <TransactionReference>30</TransactionReference>
                               <UserReference>1</UserReference>
							   <Amount>10</Amount>
                               <BeneficiaryBank>IZZBOMRU</BeneficiaryBank>
                               <BeneficiaryAccount>31101001888</BeneficiaryAccount>
                               <BeneficiaryName>NARESH</BeneficiaryName>
                               <BeneficiaryId>121001292</BeneficiaryId>
                               <BeneficiaryIdType>SAVINGS</BeneficiaryIdType>
                               <PurposeOfTransfer>PAY</PurposeOfTransfer>
                               <DetailsOfPayments>others</DetailsOfPayments>
               </Transaction>
               <Transaction>
                               <TransactionReference>31</TransactionReference>
                               <UserReference>2</UserReference>
							   <Amount>10</Amount>
                               <BeneficiaryBank>IZZBOMRU</BeneficiaryBank>
                               <BeneficiaryAccount>31101001889</BeneficiaryAccount>
                               <BeneficiaryName>SREEKANTH</BeneficiaryName>
                               <BeneficiaryId>121001291</BeneficiaryId>
                               <BeneficiaryIdType>SAVINGS</BeneficiaryIdType>
                               <PurposeOfTransfer>PAY</PurposeOfTransfer>
                               <DetailsOfPayments>others</DetailsOfPayments>
               </Transaction>
               <Transaction>
                               <TransactionReference>32</TransactionReference>
                               <UserReference>3</UserReference>
							   <Amount>10</Amount>
                               <BeneficiaryBank>IZZBOMRU</BeneficiaryBank>
                               <BeneficiaryAccount>31101001890</BeneficiaryAccount>
                               <BeneficiaryName>DILIP2</BeneficiaryName>
                               <BeneficiaryId>121001290</BeneficiaryId>
                               <BeneficiaryIdType>SAVINGS</BeneficiaryIdType>
                               <PurposeOfTransfer>PAY</PurposeOfTransfer>
                               <DetailsOfPayments>others</DetailsOfPayments>
               </Transaction>
			   <Transaction>
                               <TransactionReference>33</TransactionReference>
                               <UserReference>4</UserReference>
							   <Amount>10</Amount>
                               <BeneficiaryBank>IZZBOMRU</BeneficiaryBank>
                               <BeneficiaryAccount>31101001891</BeneficiaryAccount>
                               <BeneficiaryName>MILAN2</BeneficiaryName>
                               <BeneficiaryId>121001289</BeneficiaryId>
                               <BeneficiaryIdType>SAVINGS</BeneficiaryIdType>
                               <PurposeOfTransfer>PAY</PurposeOfTransfer>
                               <DetailsOfPayments>others</DetailsOfPayments>
               </Transaction>
			   <Transaction>
                               <TransactionReference>34</TransactionReference>
                               <UserReference>5</UserReference>
							   <Amount>10</Amount>
                               <BeneficiaryBank>IZZBOMRU</BeneficiaryBank>
                               <BeneficiaryAccount>31101001892</BeneficiaryAccount>
                               <BeneficiaryName>SATYA2</BeneficiaryName>
                               <BeneficiaryId>121001288</BeneficiaryId>
                               <BeneficiaryIdType>SAVINGS</BeneficiaryIdType>
                               <PurposeOfTransfer>PAY</PurposeOfTransfer>
                               <DetailsOfPayments>others</DetailsOfPayments>
               </Transaction>
			    <Transaction>
                               <TransactionReference>35</TransactionReference>
                               <UserReference>6</UserReference>
							   <Amount>10</Amount>
                               <BeneficiaryBank>IZZBOMRU</BeneficiaryBank>
                               <BeneficiaryAccount>31101001892</BeneficiaryAccount>
                               <BeneficiaryName>XYZ2</BeneficiaryName>
                               <BeneficiaryId>121001288</BeneficiaryId>
                               <BeneficiaryIdType>SAVINGS</BeneficiaryIdType>
                               <PurposeOfTransfer>PAY</PurposeOfTransfer>
                               <DetailsOfPayments>others</DetailsOfPayments>
               </Transaction>
				<Transaction>
                               <TransactionReference>36</TransactionReference>
                               <UserReference>7</UserReference>
							   <Amount>10</Amount>
                               <BeneficiaryBank>IZZBOMRU</BeneficiaryBank>
                               <BeneficiaryAccount>31101001892</BeneficiaryAccount>
                               <BeneficiaryName>YZX2</BeneficiaryName>
                               <BeneficiaryId>121001288</BeneficiaryId>
                               <BeneficiaryIdType>SAVINGS</BeneficiaryIdType>
                               <PurposeOfTransfer>PAY</PurposeOfTransfer>
                               <DetailsOfPayments>others</DetailsOfPayments>
               </Transaction>

</AchDirectCredit>