<?xml version="1.0" encoding="UTF-8"?>
<!DOCTYPE log4j:configuration SYSTEM "C:\Log4J\log4j.dtd">

<log4j:configuration xmlns:log4j='http://jakarta.apache.org/log4j/'>
		<!-- Conf for DCO -->
	<appender name="DCODEBUG" class="org.apache.log4j.DailyRollingFileAppender">
		<param name="Threshold" value="DEBUG" />
		<param name="File"
			value="C:/Log4J/DCO.log" />
		<param name="DatePattern" value="'.'dd-MM-yyyy" />
		<layout class="org.apache.log4j.PatternLayout">
			<param name="ConversionPattern" value="%d %-5p [%-5t] %m%n" />
		</layout>
	</appender>


	<appender name="DCOINFO" class="org.apache.log4j.DailyRollingFileAppender">
		<param name="Threshold" value="INFO" />
		<param name="File"
			value="C:/Log4J/DCO.log" />
		<param name="DatePattern" value="'.'dd-MM-yyyy" />
		<layout class="org.apache.log4j.PatternLayout">
			<param name="ConversionPattern" value="%d %-5p [%-5t] %m%n" />
		</layout>
	</appender>
	
 

	<logger name="dco_debug">
		<level value="DEBUG" />
		<appender-ref ref="DCODEBUG" />
	</logger>
	<logger name="dco_info">
		<level value="INFO" />
		<appender-ref ref="DCOINFO" />
	</logger>
	
	<!-- Conf for DCI -->
	<appender name="DCIDEBUG" class="org.apache.log4j.DailyRollingFileAppender">
		<param name="Threshold" value="DEBUG" />
		<param name="File"
			value="C:/Log4J/DCI.log" />
		<param name="DatePattern" value="'.'dd-MM-yyyy" />
		<layout class="org.apache.log4j.PatternLayout">
			<param name="ConversionPattern" value="%d %-5p [%-5t] %m%n" />
		</layout>
	</appender>


	<appender name="DCIINFO" class="org.apache.log4j.DailyRollingFileAppender">
		<param name="Threshold" value="INFO" />
		<param name="File"
			value="C:/Log4J/DCI.log" />
		<param name="DatePattern" value="'.'dd-MM-yyyy" />
		<layout class="org.apache.log4j.PatternLayout">
			<param name="ConversionPattern" value="%d %-5p [%-5t] %m%n" />
		</layout>
	</appender>
	
 

	<logger name="dci_debug">
		<level value="DEBUG" />
		<appender-ref ref="DCIDEBUG" />
	</logger>
	<logger name="dci_info">
		<level value="INFO" />
		<appender-ref ref="DCIINFO" />
	</logger>
	
	<!-- Conf for OAB Router -->
 <appender name="OABROUTER" class="org.apache.log4j.DailyRollingFileAppender">
		<param name="Threshold" value="DEBUG" />
		<param name="File"
			value="C:/Log4J/OABROUTER.log" />
		<param name="DatePattern" value="'.'dd-MM-yyyy" />
		<layout class="org.apache.log4j.PatternLayout">
			<param name="ConversionPattern" value="%d %-5p [%-5t] %m%n" />
		</layout>
	</appender>


	<appender name="OABROUTERINFO" class="org.apache.log4j.DailyRollingFileAppender">
		<param name="Threshold" value="INFO" />
		<param name="File"
			value="C:/Log4J/OABROUTER.log" />
		<param name="DatePattern" value="'.'dd-MM-yyyy" />
		<layout class="org.apache.log4j.PatternLayout">
			<param name="ConversionPattern" value="%d %-5p [%-5t] %m%n" />
		</layout>
	</appender>
	
 

	<logger name="OABRouter_DEBUG">
		<level value="DEBUG" />
		<appender-ref ref="OABROUTER" />
	</logger>
	<logger name="OABRouter_INFO">
		<level value="INFO" />
		<appender-ref ref="OABROUTERINFO" />
	</logger>
 
 
</log4j:configuration>
