<Company1>
<name>Eidiko Systems Integrators Pvt Ltd.</name>
	<admin1>
		<IIB1>
			<name>james</name>
			<empid>136</empid>
			<sal>36000</sal>		  
		</IIB1>
		<IIB1>
			<name>james1</name>
			<empid>135</empid>
			<sal>36000</sal>		  
		</IIB1>
		<WAS1>
			<name>jidugu</name>
			<empid>52</empid>
			<sal>52000</sal>		  
		</WAS1>
		<WAS1>
			<name>jidugu1</name>
			<empid>53</empid>
			<sal>52000</sal>		  
		</WAS1>

	</admin1>
	<developer1>
		<IIB1>
			<name>upender</name>
			<empid>165</empid>
			<sal>50000</sal>		  
		</IIB1>
		<BPM1>
			<name>naresh</name>
			<empid>168</empid>
			<sal>42000</sal>		  
		</BPM1>
	</developer1>
	<HR1>
		<Exec1>
			<name>anusha</name>
			<empid>200</empid>
			<sal>40000</sal>		  
		</Exec1>
		<Coordinator1>
			<name>padma</name>
			<empid>241</empid>
			<sal>30000</sal>
		</Coordinator1>
	</HR1>
</Company1>