<?xml version="1.0" encoding="UTF-8"?>

<!DOCTYPE log4j:configuration SYSTEM "C:/Users/bandaru/Documents/Logger/log4j.dtd">

<log4j:configuration xmlns:log4j='http://jakarta.apache.org/log4j/'>
    <!-- Configuration for OAB Handler_Common router application  -->
    <appender name="TestLoggerSample" class="org.apache.log4j.DailyRollingFileAppender">
        <param name="Threshold" value="INFO" />
        <param name="File"
            value="C:/Users/bandaru/Documents/Logger/Logs/Sample.log" />
        <param name="DatePattern" value="'.'dd-MM-yyyy" />
        <layout class="org.apache.log4j.PatternLayout">
            <param name="ConversionPattern" value="%d %-5p [%-5t] %m%n" />
        </layout>
    </appender>
    <logger name="Log_Flow">
        <level value="INFO" />
        <appender-ref ref="TestLoggerSample" />
    </logger>
</log4j:configuration>