<person>
    <employee>
		<name>upender</name>
		<gender>male</gender>
		<age>25</age>
	</employee>
	 <employee>
		<name>sai</name>
		<gender>male</gender>
		<age>35</age>
	</employee>
	 <employee>
		<name>ravinder</name>
		<gender>male</gender>
		<age>30</age>
	</employee>
	 <employee>
		<name>sathish</name>
		<gender>male</gender>
		<age>36</age>
	</employee>
</person>

<!-- LocalEnvironment
	ComIbmAggregateControlNode
			aggregateName:CHARACTER:aggrecontrol
			aggregateId:CHARACTER:41d700af590f4a4d9990e12750e2f1ef0000000000000000 -->
			
			<!-- message id for first req:
			414d5120454944494b4f514d202020201eadfe542000550b
			2nd:414d5120454944494b4f514d202020201eadfe542000550c
			3rd:414d5120454944494b4f514d202020201eadfe542000550d
			4th:414d5120454944494b4f514d202020201eadfe542000550e -->